x,sin_2px,noise
0,0,0.14005471
0.1,0.587785252,-0.038391485
0.2,0.951056516,0.325953707
0.3,0.951056516,-0.416951251
0.4,0.587785252,0.493248412
0.5,1.22E-16,0.016662841
0.6,-0.587785252,0.169216771
0.7,-0.951056516,-0.264944704
0.8,-0.951056516,-0.132438726
0.9,-0.587785252,-0.308865161
1,-2.45E-16,-0.105002455