x,sin_2px,noise,total
0.0,0.0,0.14005471,0.14005471
0.1,0.587785252,-0.038391485,0.549393767
0.2,0.951056516,0.325953707,1.277010223
0.3,0.951056516,-0.416951251,0.534105265
0.4,0.587785252,0.493248412,1.081033664
0.5,1.22e-16,0.016662841,0.016662841000000123
0.6,-0.587785252,0.169216771,-0.418568481
0.7,-0.951056516,-0.264944704,-1.2160012199999999
0.8,-0.951056516,-0.132438726,-1.083495242
0.9,-0.587785252,-0.308865161,-0.8966504129999999
1.0,-2.45e-16,-0.105002455,-0.10500245500000024
